nflId,displayName,officialPosition,routes,pull_over_expected,pull_index
47859,Terry McLaurin,WR,116,0.7244565536364449,1.9561471397766217
42363,Nelson Agholor,WR,79,0.6253613010907493,1.9882744752668378
47839,Mecole Hardman,WR,113,0.5552774285467169,1.7558043790505962
52457,Chase Claypool,WR,66,0.5412290010941734,1.9386802296606602
44819,Mike Williams,WR,78,0.5352380191957836,1.7581702534332497
52433,Brandon Aiyuk,WR,63,0.5348741724743653,1.9826219577569313
47847,DK Metcalf,WR,80,0.49381129610364694,1.7216110614834523
42347,Amari Cooper,WR,79,0.4773207074612964,1.9418246458092008
42489,Stefon Diggs,WR,112,0.4300391022888377,1.7634081936161952
52430,Justin Jefferson,WR,84,0.3972032194556193,1.656849345667725
53434,Ja'Marr Chase,WR,110,0.3951089790675974,1.8305927941277074
42357,DeVante Parker,WR,77,0.3838500185817328,1.807436963698586
46095,Calvin Ridley,WR,75,0.38171979537966605,1.5093764320683007
47849,Diontae Johnson,WR,69,0.38059122764819076,1.678782294409369
48556,Jalen Guyton,WR,74,0.36165324917636077,1.5331721777925342
52465,Van Jefferson,WR,78,0.35664959635385135,1.6409931644562397
40488,Adam Thielen,WR,86,0.3489759315878933,1.493888508865438
47819,Deebo Samuel,WR,81,0.3471721278783212,1.3852180204779279
45267,Tim Patrick,WR,109,0.34336357376704907,1.4968309709181367
52441,Tee Higgins,WR,81,0.33335034812489467,1.5416118474135363
52442,Michael Pittman,WR,102,0.3198485631343594,1.476536787111232
45185,Kendrick Bourne,WR,70,0.3168612765832055,1.6574499883539746
42033,Cameron Brate,TE,64,0.28600739040293677,1.067305388430837
43415,Demarcus Robinson,WR,111,0.2732486703652742,1.6705921219169333
52429,Jalen Reagor,WR,60,0.2467061204170428,1.6852961945565876
39973,DeAndre Hopkins,WR,86,0.24346280475393006,1.531423675401555
52489,Bryan Edwards,WR,66,0.23809364906583358,1.2804882155767017
41282,Davante Adams,WR,72,0.23223995466730088,1.357694492732369
46109,Courtland Sutton,WR,114,0.2311262655575737,1.5954763417006212
41233,Mike Evans,WR,114,0.2187378250462845,1.5150699268775358
53098,Marquez Callaway,WR,60,0.21646350024855515,1.5924920374357916
52420,Henry Ruggs,WR,67,0.21061559413037054,1.5316116524891377
46093,D.J. Moore,WR,102,0.19885742408329427,1.5438096898102742
52581,Darnell Mooney,WR,88,0.1615072390205014,1.3334647980751912
47834,A.J. Brown,WR,68,0.14202647414222272,1.5119271724689696
44817,Corey Davis,WR,71,0.13703760408833499,1.3743679046360409
53433,Kyle Pitts,TE,80,0.13354124494438604,1.036915033200467
53439,DeVonta Smith,WR,80,0.12205159410452608,1.565742453214452
46111,Mike Gesicki,TE,107,0.11301462634482216,0.9073073792133373
41290,Allen Robinson,WR,83,0.10843703193405439,1.1128969263116006
42547,Darren Waller,TE,60,0.08813560852892838,0.8896243680482614
39989,Robert Woods,WR,86,0.08200674898776311,1.2018879686891433
47808,Marquise Brown,WR,81,0.08088610822189211,1.4558857990873477
43584,Kalif Raymond,WR,116,0.07190646318125062,1.3021794883277333
52500,Devin Duvernay,WR,61,0.06412922789973734,1.4392921972504178
43808,Robby Anderson,WR,104,0.06289216923865276,1.3856334998996487
43454,Tyreek Hill,WR,134,0.0440711490688415,1.1507206215966057
41246,Brandin Cooks,WR,98,0.012567665208921514,1.1511027015495618
43722,J.D. McKissic,RB,64,-0.037202772754547385,0.5338445812109447
44816,Leonard Fournette,RB,66,-0.047907734349650045,0.46079697077866655
37077,A.J. Green,WR,96,-0.04924565359796751,1.4358789823130982
42412,Tyler Lockett,WR,83,-0.058861660669196327,1.1718034897900707
47879,Dawson Knox,TE,79,-0.06472821246339477,0.7470356176452728
52443,D'Andre Swift,RB,102,-0.07668929328435765,0.5015976785648675
40011,Travis Kelce,TE,139,-0.08295375134618514,0.6855837109394123
40024,Keenan Allen,WR,93,-0.0833468526402949,0.8273742187071239
38696,Marvin Jones,WR,89,-0.09561490558818439,1.2642247368591442
52425,CeeDee Lamb,WR,81,-0.1009923265464712,1.2354792326570676
46116,Christian Kirk,WR,83,-0.12203028539180372,1.035656791865864
35521,Emmanuel Sanders,WR,111,-0.14531716696817248,1.2846699670576873
47791,T.J. Hockenson,TE,133,-0.14834281088183493,0.7065792389582709
52584,K.J. Osborn,WR,67,-0.15350650606613342,0.8237170902971898
53435,Jaylen Waddle,WR,117,-0.160582049782155,0.908290526337518
44881,Cooper Kupp,WR,92,-0.18252393282116366,0.6229385050347994
44908,Kenny Golladay,WR,65,-0.1880836480763909,1.3648604942921876
44896,Chris Godwin,WR,113,-0.18881237147680868,0.852588508591187
34540,Jared Cook,TE,70,-0.19721323453202624,0.6775401070747031
53453,Najee Harris,RB,61,-0.21430319966428044,0.3073181560023779
43324,Hunter Henry,TE,69,-0.2205270417592974,0.46106939079970255
46155,Mark Andrews,TE,78,-0.23056270164464893,0.6544815151403848
44835,Evan Engram,TE,72,-0.23124114035508134,0.5490600357499215
45481,Ricky Seals-Jones,TE,65,-0.2573067946454665,0.5919298053175793
52451,Cole Kmet,TE,71,-0.2597743604247754,0.5068881310250731
45102,Zach Pascal,WR,101,-0.2609097942615064,0.6307746167639309
46526,Darrel Williams,RB,70,-0.27863342446847167,0.3687315839870301
48097,Jakobi Meyers,WR,96,-0.27930661602618995,0.5874407579241621
45573,Austin Ekeler,RB,60,-0.28619739610185424,0.19813283904649728
43329,Sterling Shepard,WR,70,-0.29169597819377047,0.7907492921833764
47803,Noah Fant,TE,99,-0.29789646751012794,0.4488327168751807
43399,Tyler Higbee,TE,71,-0.3128226489748201,0.5737216906035086
38947,Cole Beasley,WR,101,-0.3161126388243684,0.6682538260811507
42500,C.J. Uzomah,TE,91,-0.3320215438716238,0.5057629261198148
52450,Laviska Shenault,WR,72,-0.33717720983328625,0.8675115418559375
43344,Tyler Boyd,WR,101,-0.3534427382501254,0.4971727720000991
43556,Chester Rogers,WR,62,-0.3773874866032716,0.5857716831984975
46522,Byron Pringle,WR,60,-0.3805109819770109,0.6234288758409577
47932,Hunter Renfrow,WR,61,-0.4117206164768582,0.38177825534188725
52622,Freddie Swain,WR,70,-0.4282067831536096,0.685172946892525
53541,Amon-Ra St. Brown,WR,111,-0.4482207421978058,0.4911355948523576
43010,Adam Humphries,WR,89,-0.4733302563097626,0.43859656071536957
